uid,name,username,location,role,password_hash,email,gender,account_creation_date,date_of_birth,profile_picture_url,bio
1,Jennifer,linda53,Waterloo,admin,[?v'P:|y41,dianavelazquez@example.com,Female,2024-04-18 11:06:52,1999-04-04,https://plus.unsplash.com/premium_photo-1689568126014-06fea9d5d341,i am jennifer. me like politics
2,Derek,sheabenjamin,Quebec City,regular,MMjY>a2sWj,dennissmith@example.org,Female,2024-06-06 18:12:20,2005-08-20,https://plus.unsplash.com/premium_photo-1689568126014-06fea9d5d341,i am derek. me like politics
3,Stephanie,emilyrobinson,Hamilton,regular,X/e\/hUk.I,rmolina@example.org,Male,2024-11-05 13:35:26,1991-01-27,https://plus.unsplash.com/premium_photo-1689568126014-06fea9d5d341,i am stephanie. me like politics
4,Justin,foxconnie,Vancouver,regular,?1cQpdn0z{,cnewton@example.org,Female,2025-02-24 19:21:53,1960-07-28,https://plus.unsplash.com/premium_photo-1689568126014-06fea9d5d341,i am justin. me like politics
5,Mary,yadams,Vancouver,regular,kI+'fAts<\,laurenmorrison@example.org,Female,2025-03-02 01:04:04,1995-01-07,https://plus.unsplash.com/premium_photo-1689568126014-06fea9d5d341,i am mary. me like politics
6,Barbara,jacksonchristina,Calgary,regular,dXgOZxt6$_,julie02@example.net,Female,2024-07-26 15:11:32,1993-01-30,https://plus.unsplash.com/premium_photo-1689568126014-06fea9d5d341,i am barbara. me like politics
7,Cynthia,ubryant,Edmonton,regular,"_S7/5!?t""e",parrishrobert@example.net,Female,2024-09-24 07:02:40,1975-06-07,https://plus.unsplash.com/premium_photo-1689568126014-06fea9d5d341,i am cynthia. me like politics
8,Christopher,qking,Waterloo,regular,dV<fe/p)@u,randallchavez@example.net,Female,2024-06-26 09:33:51,1969-10-01,https://plus.unsplash.com/premium_photo-1689568126014-06fea9d5d341,i am christopher. me like politics
9,Peter,dianefox,Calgary,regular,^Eqs#Y$rwj,james49@example.net,Female,2024-10-14 07:44:57,1984-12-26,https://plus.unsplash.com/premium_photo-1689568126014-06fea9d5d341,i am peter. me like politics
10,Gregory,tylernatalie,Winnipeg,regular,-a']u1z5ks,deborah21@example.org,Male,2024-08-21 04:00:14,1972-06-13,https://plus.unsplash.com/premium_photo-1689568126014-06fea9d5d341,i am gregory. me like politics
11,Luis,rosalesheather,Edmonton,regular,paZf7O&l*`,kjames@example.org,Male,2024-08-04 07:07:55,1971-04-11,https://plus.unsplash.com/premium_photo-1689568126014-06fea9d5d341,i am luis. me like politics
12,Elizabeth,karen29,Vancouver,regular,2L{?L-](we,brobbins@example.com,Male,2025-03-14 21:45:19,2005-07-06,https://plus.unsplash.com/premium_photo-1689568126014-06fea9d5d341,i am elizabeth. me like politics
13,Bradley,cruzjohn,Vancouver,regular,VczMt~+9\|,mccannelizabeth@example.com,Male,2025-01-19 21:56:26,1997-05-03,https://plus.unsplash.com/premium_photo-1689568126014-06fea9d5d341,i am bradley. me like politics
14,Jamie,samanthasalazar,Toronto,regular,0miJ7i\REa,pparker@example.net,Male,2024-07-06 15:54:47,1970-09-18,https://plus.unsplash.com/premium_photo-1689568126014-06fea9d5d341,i am jamie. me like politics
15,Heidi,matthewmiller,Vancouver,regular,"`bV<,B|_Iz",traviselliott@example.com,Male,2024-03-03 14:31:48,1996-05-05,https://plus.unsplash.com/premium_photo-1689568126014-06fea9d5d341,i am heidi. me like politics
16,Stanley,tina54,Vancouver,regular,"3""lQ6*v[l""",cruzmadison@example.net,Female,2024-06-19 03:20:02,1966-04-14,https://plus.unsplash.com/premium_photo-1689568126014-06fea9d5d341,i am stanley. me like politics
17,Charles,stephaniewhitehead,Vancouver,regular,D@H(r:9S7X,michaelcox@example.net,Male,2024-04-01 21:14:18,1989-01-12,https://plus.unsplash.com/premium_photo-1689568126014-06fea9d5d341,i am charles. me like politics
18,Sherry,xlawrence,Vancouver,regular,)>Qg(Lis=9,elaine26@example.net,Male,2024-04-17 20:50:01,1968-01-21,https://plus.unsplash.com/premium_photo-1689568126014-06fea9d5d341,i am sherry. me like politics
19,Tina,cheyenneterry,Quebec City,regular,XR<fbMQ>97,changmichael@example.com,Female,2024-09-19 11:55:31,1993-06-01,https://plus.unsplash.com/premium_photo-1689568126014-06fea9d5d341,i am tina. me like politics
20,Kristy,bethobrien,Calgary,regular,hajw<|5AW9,jontaylor@example.com,Male,2025-01-26 23:27:18,2001-10-16,https://plus.unsplash.com/premium_photo-1689568126014-06fea9d5d341,i am kristy. me like politics
21,Stuart,johnhenry,Vancouver,regular,"55:'Qx""Mx*",efuller@example.net,Female,2024-04-13 02:59:34,1983-11-18,https://plus.unsplash.com/premium_photo-1689568126014-06fea9d5d341,i am stuart. me like politics
22,Melissa,julie15,Quebec City,regular,1uBrJRp`z;,camposjohnny@example.net,Male,2024-02-20 11:46:09,1995-06-23,https://plus.unsplash.com/premium_photo-1689568126014-06fea9d5d341,i am melissa. me like politics
23,Bobby,chumphrey,Hamilton,regular,WB\C<HUgUl,ljohnson@example.net,Male,2024-01-17 01:19:43,1963-10-27,https://plus.unsplash.com/premium_photo-1689568126014-06fea9d5d341,i am bobby. me like politics
24,Anna,jeffrey08,Toronto,regular,"i;e\v,cIoZ",christopherflores@example.com,Female,2024-12-07 12:49:44,1970-01-25,https://plus.unsplash.com/premium_photo-1689568126014-06fea9d5d341,i am anna. me like politics
25,Julia,griffinmonica,Calgary,regular,"_AHgm,sV@[",knightblake@example.org,Female,2024-04-20 18:35:46,1984-12-24,https://plus.unsplash.com/premium_photo-1689568126014-06fea9d5d341,i am julia. me like politics
26,George,melaniemyers,Vancouver,regular,B~]ih]_&v>,pamela30@example.org,Female,2024-06-14 08:31:31,1986-04-05,https://plus.unsplash.com/premium_photo-1689568126014-06fea9d5d341,i am george. me like politics
27,Becky,swatson,Hamilton,regular,6os]jpud[x,stanleykenneth@example.org,Female,2024-10-28 06:17:49,1960-02-07,https://plus.unsplash.com/premium_photo-1689568126014-06fea9d5d341,i am becky. me like politics
28,Brittany,williamsamy,Montreal,regular,SJid.[OP/<,nelsonkirsten@example.net,Female,2024-01-22 13:01:26,2003-10-25,https://plus.unsplash.com/premium_photo-1689568126014-06fea9d5d341,i am brittany. me like politics
29,Stephanie,thomaskenneth,Montreal,regular,;vj:u#>_+g,oliviamccoy@example.org,Female,2025-03-18 07:59:32,1993-12-03,https://plus.unsplash.com/premium_photo-1689568126014-06fea9d5d341,i am stephanie. me like politics
30,Timothy,valerie49,Hamilton,regular,5m0-}XR_<<,joshua96@example.net,Male,2025-03-12 08:54:14,1978-10-24,https://plus.unsplash.com/premium_photo-1689568126014-06fea9d5d341,i am timothy. me like politics
31,Austin,heather81,Waterloo,regular,<;*>!urd_i,michael10@example.net,Male,2024-05-08 21:09:23,1966-03-06,https://plus.unsplash.com/premium_photo-1689568126014-06fea9d5d341,i am austin. me like politics
32,James,candace36,Winnipeg,regular,|4&AXUe7Y/,adamsmary@example.com,Female,2025-01-28 18:43:17,1999-02-14,https://plus.unsplash.com/premium_photo-1689568126014-06fea9d5d341,i am james. me like politics
33,Nicole,cherylwalker,Hamilton,regular,AnkymEbnZe,fbrown@example.org,Male,2024-12-02 14:40:08,1980-08-24,https://plus.unsplash.com/premium_photo-1689568126014-06fea9d5d341,i am nicole. me like politics
34,Melissa,coopertrevor,Quebec City,regular,N.BzB]LZo-,rebecca89@example.net,Female,2025-03-24 16:34:14,1964-11-25,https://plus.unsplash.com/premium_photo-1689568126014-06fea9d5d341,i am melissa. me like politics
35,Christopher,jimmy63,Quebec City,regular,",3UJ-C6ucI",cardenaslori@example.com,Female,2024-02-12 13:52:04,1965-06-25,https://plus.unsplash.com/premium_photo-1689568126014-06fea9d5d341,i am christopher. me like politics
36,Amanda,bkelly,Waterloo,regular,Dc'=Ph4!BO,slarson@example.net,Male,2024-11-19 15:44:38,2001-03-03,https://plus.unsplash.com/premium_photo-1689568126014-06fea9d5d341,i am amanda. me like politics
37,Joel,staffordbobby,Calgary,regular,IJWO]edhVg,nicolelane@example.net,Female,2024-12-10 11:47:12,1962-11-30,https://plus.unsplash.com/premium_photo-1689568126014-06fea9d5d341,i am joel. me like politics
38,Karen,fwhite,Winnipeg,regular,m'`r5EDl(m,ruizdiana@example.com,Female,2024-08-21 14:29:21,1967-03-22,https://plus.unsplash.com/premium_photo-1689568126014-06fea9d5d341,i am karen. me like politics
39,Tara,wanda11,Calgary,regular,I+4y24ESB),brandonpeterson@example.com,Female,2024-11-08 22:58:58,1990-02-23,https://plus.unsplash.com/premium_photo-1689568126014-06fea9d5d341,i am tara. me like politics
40,Theresa,david18,Calgary,regular,"b|(z2A#r,1",gregory80@example.net,Female,2024-03-18 01:38:06,1977-08-25,https://plus.unsplash.com/premium_photo-1689568126014-06fea9d5d341,i am theresa. me like politics
41,Kellie,kevinmarquez,Hamilton,regular,0Os:l5mMn^,julian15@example.net,Male,2024-04-29 02:35:43,1982-08-23,https://plus.unsplash.com/premium_photo-1689568126014-06fea9d5d341,i am kellie. me like politics
42,Cameron,mcisneros,Edmonton,regular,f#ohU^G_IA,tracili@example.org,Female,2024-10-28 19:05:36,1960-12-11,https://plus.unsplash.com/premium_photo-1689568126014-06fea9d5d341,i am cameron. me like politics
43,Brian,thomasaaron,Calgary,regular,d:uM%_2!6e,anthony84@example.net,Male,2025-03-09 13:02:02,1997-08-09,https://plus.unsplash.com/premium_photo-1689568126014-06fea9d5d341,i am brian. me like politics
44,Sarah,dkeller,Toronto,regular,]fi5/GTgPq,teresa68@example.net,Male,2024-12-20 22:36:48,1967-09-28,https://plus.unsplash.com/premium_photo-1689568126014-06fea9d5d341,i am sarah. me like politics
45,Michael,williamsmith,Calgary,regular,"mkIzj,weU:",iramos@example.net,Male,2025-03-06 01:57:16,1994-12-06,https://plus.unsplash.com/premium_photo-1689568126014-06fea9d5d341,i am michael. me like politics
46,Willie,oshaffer,Ottawa,regular,<^L&wmW-7v,michaelraymond@example.net,Male,2024-12-17 22:50:35,1961-02-28,https://plus.unsplash.com/premium_photo-1689568126014-06fea9d5d341,i am willie. me like politics
47,Amanda,acasey,Waterloo,regular,"-d6c5""~Neo",reidsharon@example.net,Female,2024-11-24 16:39:06,1973-08-22,https://plus.unsplash.com/premium_photo-1689568126014-06fea9d5d341,i am amanda. me like politics
48,Taylor,gonzalezethan,Montreal,regular,"{{T8,WEX9n",nguyenkathleen@example.org,Female,2024-05-08 06:05:39,1999-10-15,https://plus.unsplash.com/premium_photo-1689568126014-06fea9d5d341,i am taylor. me like politics
49,Michael,john11,Waterloo,regular,z.s<CY6>cJ,oconnormargaret@example.net,Male,2024-12-14 23:22:50,1968-08-14,https://plus.unsplash.com/premium_photo-1689568126014-06fea9d5d341,i am michael. me like politics
50,Jason,zbenson,Waterloo,regular,w--7(Oy(qj,taylorcox@example.net,Female,2024-10-16 13:12:10,1994-05-02,https://plus.unsplash.com/premium_photo-1689568126014-06fea9d5d341,i am jason. me like politics
51,Sarah,emorgan,Winnipeg,regular,2wtHw`v&u?,greenjacqueline@example.com,Male,2024-10-13 16:01:57,1962-02-05,https://plus.unsplash.com/premium_photo-1689568126014-06fea9d5d341,i am sarah. me like politics
52,Bianca,uthomas,Ottawa,regular,"giSy""|u4bZ",ckennedy@example.org,Male,2024-04-17 17:12:30,1961-04-19,https://plus.unsplash.com/premium_photo-1689568126014-06fea9d5d341,i am bianca. me like politics
53,Anthony,mwarren,Winnipeg,regular,?;eIcFX$QN,grantjames@example.org,Male,2024-10-20 21:19:03,1973-11-19,https://plus.unsplash.com/premium_photo-1689568126014-06fea9d5d341,i am anthony. me like politics
54,Teresa,lewisjohn,Hamilton,regular,&-`'E<MC+=,robingutierrez@example.net,Male,2024-12-03 14:23:06,1996-02-05,https://plus.unsplash.com/premium_photo-1689568126014-06fea9d5d341,i am teresa. me like politics
55,Willie,melissaevans,Waterloo,regular,GCdw5BBGeK,xruiz@example.org,Female,2024-11-10 16:04:39,2002-06-10,https://plus.unsplash.com/premium_photo-1689568126014-06fea9d5d341,i am willie. me like politics
56,Sharon,scott40,Hamilton,regular,"`mXmgrk~A,",omartinez@example.com,Male,2024-10-11 12:12:17,1979-10-16,https://plus.unsplash.com/premium_photo-1689568126014-06fea9d5d341,i am sharon. me like politics
57,Erin,matthewsmith,Quebec City,regular,Nwmp%TF+]j,virginianelson@example.org,Male,2024-01-19 09:40:15,1973-12-01,https://plus.unsplash.com/premium_photo-1689568126014-06fea9d5d341,i am erin. me like politics
58,Jeffery,harperelizabeth,Edmonton,regular,"!|F^,Gv7`|",jonathan48@example.net,Female,2024-04-26 20:06:55,1973-01-08,https://plus.unsplash.com/premium_photo-1689568126014-06fea9d5d341,i am jeffery. me like politics
59,Alexis,mariamiller,Waterloo,regular,WUxIY*9EX;,robin30@example.com,Male,2024-01-06 04:47:14,1967-11-01,https://plus.unsplash.com/premium_photo-1689568126014-06fea9d5d341,i am alexis. me like politics
60,Cassandra,curtis80,Vancouver,regular,ld]Am`m[le,bryantbryan@example.org,Female,2024-02-13 23:54:08,1992-09-13,https://plus.unsplash.com/premium_photo-1689568126014-06fea9d5d341,i am cassandra. me like politics
61,Jennifer,samanthadavies,Montreal,regular,0;MpM5lf\^,timothycooper@example.net,Female,2024-08-02 23:17:36,2004-10-19,https://plus.unsplash.com/premium_photo-1689568126014-06fea9d5d341,i am jennifer. me like politics
62,Patrick,robertrodriguez,Hamilton,regular,%CSm~v/W>x,randallharris@example.org,Male,2024-10-06 20:41:46,1988-09-02,https://plus.unsplash.com/premium_photo-1689568126014-06fea9d5d341,i am patrick. me like politics
63,Julie,traceysmith,Edmonton,regular,kuJ:hk$1V_,ralvarez@example.net,Male,2024-06-05 05:02:59,1977-01-17,https://plus.unsplash.com/premium_photo-1689568126014-06fea9d5d341,i am julie. me like politics
64,Loretta,pjohnson,Ottawa,regular,lJ1xaA@{g|,richard02@example.com,Male,2024-10-24 12:02:16,1981-12-31,https://plus.unsplash.com/premium_photo-1689568126014-06fea9d5d341,i am loretta. me like politics
65,Jacob,bondmichael,Vancouver,regular,-AxVhln3^T,rmartin@example.com,Female,2025-01-27 09:00:19,1999-10-22,https://plus.unsplash.com/premium_photo-1689568126014-06fea9d5d341,i am jacob. me like politics
66,Victoria,thompsoncarly,Winnipeg,regular,"%ghG]""=aP\",fbrooks@example.net,Male,2024-04-05 16:40:51,1963-07-17,https://plus.unsplash.com/premium_photo-1689568126014-06fea9d5d341,i am victoria. me like politics
67,Andrea,vpena,Montreal,regular,"?Aq,0;R5@_",heather28@example.com,Male,2025-03-05 12:02:21,1981-01-14,https://plus.unsplash.com/premium_photo-1689568126014-06fea9d5d341,i am andrea. me like politics
68,Anthony,walshshannon,Montreal,regular,Au#q^Q:v^q,tina40@example.net,Female,2024-07-30 19:07:54,1965-10-27,https://plus.unsplash.com/premium_photo-1689568126014-06fea9d5d341,i am anthony. me like politics
69,Jennifer,williamschristopher,Ottawa,regular,_T*>pC5^2~,kimberly19@example.org,Male,2025-02-23 04:33:34,1995-01-10,https://plus.unsplash.com/premium_photo-1689568126014-06fea9d5d341,i am jennifer. me like politics
70,Chelsea,kyork,Vancouver,regular,:.LUPhtymp,scottcabrera@example.com,Male,2024-09-17 22:08:47,2005-11-03,https://plus.unsplash.com/premium_photo-1689568126014-06fea9d5d341,i am chelsea. me like politics
71,Rachel,dorothy93,Waterloo,regular,1lM09Gr'S>,wthomas@example.org,Female,2024-10-24 09:20:10,1973-01-31,https://plus.unsplash.com/premium_photo-1689568126014-06fea9d5d341,i am rachel. me like politics
72,Anna,cevans,Calgary,regular,'?E8hhCuJ(,cgarcia@example.net,Male,2024-05-22 13:21:34,1976-02-04,https://plus.unsplash.com/premium_photo-1689568126014-06fea9d5d341,i am anna. me like politics
73,David,davistheresa,Quebec City,regular,K'PAG'.DMF,randolphamanda@example.com,Female,2024-05-05 11:36:38,1965-09-13,https://plus.unsplash.com/premium_photo-1689568126014-06fea9d5d341,i am david. me like politics
74,Omar,lesterdaniel,Calgary,regular,gjBtSM4jX#,pcameron@example.org,Male,2024-01-02 11:18:35,1971-08-13,https://plus.unsplash.com/premium_photo-1689568126014-06fea9d5d341,i am omar. me like politics
75,Zachary,maldonadojesse,Hamilton,regular,3f-SFc*I66,rmurillo@example.org,Female,2024-12-19 11:43:37,2003-05-28,https://plus.unsplash.com/premium_photo-1689568126014-06fea9d5d341,i am zachary. me like politics
76,Sean,smithclayton,Winnipeg,regular,=NP{Cvg''<,dustin79@example.net,Male,2025-03-03 00:38:07,1969-04-02,https://plus.unsplash.com/premium_photo-1689568126014-06fea9d5d341,i am sean. me like politics
77,Devin,jerrychase,Calgary,regular,@~)4[b|+PW,dwalker@example.com,Male,2024-05-21 05:21:19,1998-01-10,https://plus.unsplash.com/premium_photo-1689568126014-06fea9d5d341,i am devin. me like politics
78,Melissa,aaron40,Vancouver,regular,aMdx59/]xS,robertevans@example.org,Male,2024-10-14 08:38:44,1964-10-27,https://plus.unsplash.com/premium_photo-1689568126014-06fea9d5d341,i am melissa. me like politics
79,Brian,martinezjack,Waterloo,regular,o<{e0RG5KH,chelseajones@example.org,Female,2024-11-23 19:03:03,1982-12-27,https://plus.unsplash.com/premium_photo-1689568126014-06fea9d5d341,i am brian. me like politics
80,Shelby,jacobsashley,Waterloo,regular,"wAm#H10<,Q",pburns@example.net,Male,2024-04-18 01:56:27,1982-03-19,https://plus.unsplash.com/premium_photo-1689568126014-06fea9d5d341,i am shelby. me like politics
81,Rachel,youngryan,Edmonton,regular,+)zv|P`~2>,catherinemason@example.com,Male,2025-02-03 02:12:06,1960-10-19,https://plus.unsplash.com/premium_photo-1689568126014-06fea9d5d341,i am rachel. me like politics
82,Billy,jimmyheath,Calgary,regular,cQjwZXl<M%,manuel02@example.org,Male,2024-12-04 04:12:01,1974-12-10,https://plus.unsplash.com/premium_photo-1689568126014-06fea9d5d341,i am billy. me like politics
83,Diane,pchandler,Calgary,regular,u^bk\upOHf,vlawson@example.com,Female,2024-07-11 00:46:44,2005-09-03,https://plus.unsplash.com/premium_photo-1689568126014-06fea9d5d341,i am diane. me like politics
84,Rhonda,jorgeowens,Waterloo,regular,rZqiAr*Q#n,xlester@example.com,Female,2024-12-07 07:04:30,2005-02-07,https://plus.unsplash.com/premium_photo-1689568126014-06fea9d5d341,i am rhonda. me like politics
85,Nathan,justin44,Waterloo,regular,"8R(=},EI]p",garciageorge@example.com,Male,2024-10-13 06:21:15,1984-10-27,https://plus.unsplash.com/premium_photo-1689568126014-06fea9d5d341,i am nathan. me like politics
86,James,rarmstrong,Toronto,regular,"I\,n>0OTrg",fuentesrebecca@example.com,Female,2024-08-28 09:30:58,1977-05-17,https://plus.unsplash.com/premium_photo-1689568126014-06fea9d5d341,i am james. me like politics
87,Laurie,antonioayers,Toronto,regular,?CM|h8V(ZM,xroberts@example.com,Female,2025-03-24 10:32:26,1997-05-14,https://plus.unsplash.com/premium_photo-1689568126014-06fea9d5d341,i am laurie. me like politics
88,Nicole,nicoledonovan,Calgary,regular,a=%^w&nw[V,gnorman@example.com,Female,2025-01-31 09:06:44,2004-01-14,https://plus.unsplash.com/premium_photo-1689568126014-06fea9d5d341,i am nicole. me like politics
89,Amy,qmiller,Montreal,regular,)n&Z~N#0{I,millerdylan@example.net,Female,2024-08-31 01:00:45,1976-05-05,https://plus.unsplash.com/premium_photo-1689568126014-06fea9d5d341,i am amy. me like politics
90,James,stoutkimberly,Hamilton,regular,!tvJupej^E,martinalan@example.net,Male,2024-09-23 22:31:27,1995-12-27,https://plus.unsplash.com/premium_photo-1689568126014-06fea9d5d341,i am james. me like politics
91,Jodi,nhunter,Vancouver,regular,Q(I*:O{c!.,kevin12@example.org,Male,2024-11-06 20:30:59,1966-01-19,https://plus.unsplash.com/premium_photo-1689568126014-06fea9d5d341,i am jodi. me like politics
92,Anthony,stephanieharris,Quebec City,regular,JP8e5UHGO$,coopernathan@example.net,Male,2025-03-10 06:09:28,1997-07-02,https://plus.unsplash.com/premium_photo-1689568126014-06fea9d5d341,i am anthony. me like politics
93,Brandon,oweaver,Ottawa,regular,"a6x`.""'4{^",dana38@example.com,Male,2024-08-28 09:36:01,1996-07-23,https://plus.unsplash.com/premium_photo-1689568126014-06fea9d5d341,i am brandon. me like politics
94,Shelby,tspears,Waterloo,regular,L.@T#CMAY8,julie50@example.org,Female,2025-03-14 04:37:53,1973-04-25,https://plus.unsplash.com/premium_photo-1689568126014-06fea9d5d341,i am shelby. me like politics
95,Stephen,brittany61,Winnipeg,regular,/I(sDFEGWT,debragarcia@example.org,Female,2024-05-18 05:20:16,1968-06-14,https://plus.unsplash.com/premium_photo-1689568126014-06fea9d5d341,i am stephen. me like politics
96,Mary,bryan72,Montreal,regular,"&>=""`uGbZa",psmith@example.com,Female,2024-04-27 15:40:22,1978-05-06,https://plus.unsplash.com/premium_photo-1689568126014-06fea9d5d341,i am mary. me like politics
97,Christine,johnsonbrandi,Vancouver,regular,"CTJwEqV*,k",bjones@example.com,Male,2025-03-14 01:57:30,1996-03-01,https://plus.unsplash.com/premium_photo-1689568126014-06fea9d5d341,i am christine. me like politics
98,Marissa,amy52,Winnipeg,regular,CMnR~o:S2*,natalie05@example.com,Male,2025-02-19 11:03:49,1961-12-25,https://plus.unsplash.com/premium_photo-1689568126014-06fea9d5d341,i am marissa. me like politics
99,Megan,pwhite,Ottawa,regular,@B$]!imH|W,bennettmary@example.net,Male,2024-08-29 00:06:06,1965-01-15,https://plus.unsplash.com/premium_photo-1689568126014-06fea9d5d341,i am megan. me like politics
100,Tanya,teresawest,Ottawa,regular,z]YZLJ2#{),hodgeskristin@example.org,Male,2024-04-26 23:58:37,1992-10-27,https://plus.unsplash.com/premium_photo-1689568126014-06fea9d5d341,i am tanya. me like politics
101,Courtney,vfreeman,Ottawa,regular,"D""OduZy1B}",garciajordan@example.com,Male,2025-01-14 08:02:38,1987-12-22,https://plus.unsplash.com/premium_photo-1689568126014-06fea9d5d341,i am courtney. me like politics
102,Jonathan,jeffrey89,Edmonton,regular,?7%}D/IeX},ericajensen@example.org,Female,2024-03-08 23:20:04,2003-03-16,https://plus.unsplash.com/premium_photo-1689568126014-06fea9d5d341,i am jonathan. me like politics
103,Ashley,george58,Waterloo,regular,B^KK{/57N.,robert71@example.net,Female,2024-08-22 22:23:24,1962-04-18,https://plus.unsplash.com/premium_photo-1689568126014-06fea9d5d341,i am ashley. me like politics
104,Heather,plewis,Calgary,regular,+j}m<se)E~,qriley@example.net,Male,2024-10-05 01:34:28,1977-10-07,https://plus.unsplash.com/premium_photo-1689568126014-06fea9d5d341,i am heather. me like politics
105,Grant,stacey59,Winnipeg,regular,t9wf`{hR1_,heathermartinez@example.com,Male,2024-09-12 11:57:20,1990-01-05,https://plus.unsplash.com/premium_photo-1689568126014-06fea9d5d341,i am grant. me like politics
106,Willie,marynash,Waterloo,regular,"Hzx,trQ7:e",jennifer14@example.org,Female,2024-02-28 20:51:21,1961-12-28,https://plus.unsplash.com/premium_photo-1689568126014-06fea9d5d341,i am willie. me like politics
107,George,wheelerroy,Edmonton,regular,{{gG&S1lBP,chad55@example.net,Male,2024-03-07 09:47:59,2002-12-30,https://plus.unsplash.com/premium_photo-1689568126014-06fea9d5d341,i am george. me like politics
108,Ryan,jbrown,Montreal,regular,?Cq.Ha!2In,mortonsean@example.net,Male,2024-09-22 01:05:27,1980-07-18,https://plus.unsplash.com/premium_photo-1689568126014-06fea9d5d341,i am ryan. me like politics
109,Gabrielle,palmerstacey,Ottawa,regular,Mux=PRY'qz,flemingtimothy@example.com,Male,2024-04-16 20:07:13,1973-04-22,https://plus.unsplash.com/premium_photo-1689568126014-06fea9d5d341,i am gabrielle. me like politics
110,Caroline,petersendonald,Ottawa,regular,QCG!C#nJ@>,ericabeck@example.com,Male,2024-01-08 11:38:41,1993-12-29,https://plus.unsplash.com/premium_photo-1689568126014-06fea9d5d341,i am caroline. me like politics
111,Bryan,tiffany80,Hamilton,regular,"cLkq^""1yDd",rebecca23@example.net,Male,2025-01-01 22:26:38,1964-04-18,https://plus.unsplash.com/premium_photo-1689568126014-06fea9d5d341,i am bryan. me like politics
112,Gregory,leah65,Quebec City,regular,m>9]kGBW@q,joanna29@example.org,Male,2024-09-08 12:44:52,1981-11-07,https://plus.unsplash.com/premium_photo-1689568126014-06fea9d5d341,i am gregory. me like politics
113,Sabrina,ebaker,Waterloo,regular,"h8>w""wAD#^",timothy60@example.net,Female,2024-10-06 12:46:04,1973-06-04,https://plus.unsplash.com/premium_photo-1689568126014-06fea9d5d341,i am sabrina. me like politics
114,Shannon,ajohnson,Edmonton,regular,*xv+:c`:PC,andersoneric@example.net,Female,2024-11-05 13:59:08,1974-04-27,https://plus.unsplash.com/premium_photo-1689568126014-06fea9d5d341,i am shannon. me like politics
115,Jonathan,william32,Toronto,regular,",F\|Z{yf2>",ashleymiller@example.net,Male,2024-03-01 22:38:49,1982-09-08,https://plus.unsplash.com/premium_photo-1689568126014-06fea9d5d341,i am jonathan. me like politics
116,Mark,greendaniel,Vancouver,regular,"aD:G+(q""(U",turnerdiamond@example.com,Female,2024-08-14 00:18:50,1978-04-03,https://plus.unsplash.com/premium_photo-1689568126014-06fea9d5d341,i am mark. me like politics
117,Rachel,davidstewart,Vancouver,regular,sqvW.4xemy,kenneth24@example.net,Male,2025-02-24 01:00:35,1979-07-12,https://plus.unsplash.com/premium_photo-1689568126014-06fea9d5d341,i am rachel. me like politics
118,Matthew,paul82,Toronto,regular,!OJ<ka(D-.,rachelford@example.com,Female,2024-02-20 18:18:28,1982-01-05,https://plus.unsplash.com/premium_photo-1689568126014-06fea9d5d341,i am matthew. me like politics
119,Heather,shannongomez,Quebec City,regular,<juaF6rP3B,kstewart@example.com,Female,2024-07-21 23:23:30,2001-02-19,https://plus.unsplash.com/premium_photo-1689568126014-06fea9d5d341,i am heather. me like politics
120,Jackson,michellegriffin,Edmonton,regular,iW9xdxsf<),stephaniebanks@example.com,Female,2024-11-04 23:00:09,1978-03-27,https://plus.unsplash.com/premium_photo-1689568126014-06fea9d5d341,i am jackson. me like politics
121,Ashley,anna43,Calgary,regular,ZS}i/vG_!P,edwinwilliams@example.org,Female,2025-01-25 21:44:18,1984-11-21,https://plus.unsplash.com/premium_photo-1689568126014-06fea9d5d341,i am ashley. me like politics
122,Linda,uhernandez,Toronto,regular,d|bp!~&ul;,bethbrown@example.com,Female,2024-07-20 11:24:11,1970-12-14,https://plus.unsplash.com/premium_photo-1689568126014-06fea9d5d341,i am linda. me like politics
123,Laurie,bryantrebecca,Waterloo,regular,TJzk%MG'Tg,heathergibson@example.com,Male,2024-07-24 04:23:07,1994-11-14,https://plus.unsplash.com/premium_photo-1689568126014-06fea9d5d341,i am laurie. me like politics
124,Natalie,ramireztoni,Quebec City,regular,E<<kX2mnK',lbrown@example.net,Male,2024-03-22 15:52:19,1991-07-30,https://plus.unsplash.com/premium_photo-1689568126014-06fea9d5d341,i am natalie. me like politics
125,Kelly,paul12,Edmonton,regular,"6,g.K4;HP+",sarah18@example.org,Male,2024-02-10 05:47:37,1968-05-31,https://plus.unsplash.com/premium_photo-1689568126014-06fea9d5d341,i am kelly. me like politics
126,Natalie,jonesbrandi,Quebec City,regular,qz8DxA?{S|,jennytaylor@example.net,Male,2024-01-12 02:20:31,1969-03-18,https://plus.unsplash.com/premium_photo-1689568126014-06fea9d5d341,i am natalie. me like politics
127,Jonathan,mariarivera,Toronto,regular,"ga)fL%_"")?",hmanning@example.net,Male,2024-08-25 00:49:59,1970-11-04,https://plus.unsplash.com/premium_photo-1689568126014-06fea9d5d341,i am jonathan. me like politics
128,Cindy,jennifermorris,Edmonton,regular,[U8Kj:=W49,guy12@example.net,Male,2024-05-08 04:08:29,1984-11-11,https://plus.unsplash.com/premium_photo-1689568126014-06fea9d5d341,i am cindy. me like politics
129,Madison,margarethill,Quebec City,regular,.pLcIy'w&',john52@example.org,Male,2025-01-09 20:20:04,1999-07-30,https://plus.unsplash.com/premium_photo-1689568126014-06fea9d5d341,i am madison. me like politics
130,Amanda,nielsentimothy,Toronto,regular,w2m9.b$Xhd,jenniferwilcox@example.net,Female,2024-12-09 07:39:04,2000-11-25,https://plus.unsplash.com/premium_photo-1689568126014-06fea9d5d341,i am amanda. me like politics
131,Brittany,lamberttodd,Edmonton,regular,<go8d|y(?1,oreed@example.org,Male,2025-01-19 14:53:04,2005-02-28,https://plus.unsplash.com/premium_photo-1689568126014-06fea9d5d341,i am brittany. me like politics
132,Thomas,lharris,Montreal,regular,a{x>|8@fj),alexander78@example.org,Male,2025-02-03 06:44:39,1968-06-27,https://plus.unsplash.com/premium_photo-1689568126014-06fea9d5d341,i am thomas. me like politics
133,Eric,martinezcarmen,Montreal,regular,\196<_^~{3,pattersonrebecca@example.com,Female,2024-11-14 02:23:38,1991-03-30,https://plus.unsplash.com/premium_photo-1689568126014-06fea9d5d341,i am eric. me like politics
134,Kevin,elaine86,Vancouver,regular,SlLw1K2uSr,myersbrendan@example.net,Male,2024-07-11 15:51:54,1978-10-17,https://plus.unsplash.com/premium_photo-1689568126014-06fea9d5d341,i am kevin. me like politics
135,Jennifer,caitlinrice,Quebec City,regular,"0%j&c%}n,=",xholmes@example.net,Male,2024-06-13 06:07:24,2003-04-17,https://plus.unsplash.com/premium_photo-1689568126014-06fea9d5d341,i am jennifer. me like politics
136,Alexander,pricejoseph,Edmonton,regular,!~Q([b83@u,andrew14@example.org,Female,2025-02-07 14:59:05,1991-06-07,https://plus.unsplash.com/premium_photo-1689568126014-06fea9d5d341,i am alexander. me like politics
137,Troy,rachel68,Edmonton,regular,jhZ$%<~Wn},tanner84@example.net,Female,2024-02-18 16:27:00,2004-04-26,https://plus.unsplash.com/premium_photo-1689568126014-06fea9d5d341,i am troy. me like politics
138,Jennifer,dmassey,Edmonton,regular,cdY\pB:ILj,henryholly@example.net,Male,2024-02-15 15:37:53,1966-06-09,https://plus.unsplash.com/premium_photo-1689568126014-06fea9d5d341,i am jennifer. me like politics
139,Karen,brooksmelanie,Calgary,regular,Iph^?xH\{3,steve62@example.org,Female,2024-04-15 21:13:04,1962-10-31,https://plus.unsplash.com/premium_photo-1689568126014-06fea9d5d341,i am karen. me like politics
140,Jacob,amanda32,Edmonton,regular,Ec0eagnEIv,byrddenise@example.com,Female,2024-03-15 23:34:23,1992-08-28,https://plus.unsplash.com/premium_photo-1689568126014-06fea9d5d341,i am jacob. me like politics
141,Alicia,porterdarren,Hamilton,regular,w;yGwr&<n@,jenniferwinters@example.org,Male,2024-12-21 07:50:35,1966-07-03,https://plus.unsplash.com/premium_photo-1689568126014-06fea9d5d341,i am alicia. me like politics
142,Alison,maria21,Calgary,regular,n*cqzAa'fX,michelesavage@example.org,Female,2024-07-02 18:21:24,1974-12-15,https://plus.unsplash.com/premium_photo-1689568126014-06fea9d5d341,i am alison. me like politics
143,Danny,wardpaul,Hamilton,regular,abC\?i>r;;,cbrown@example.org,Male,2025-03-18 13:12:44,1982-05-10,https://plus.unsplash.com/premium_photo-1689568126014-06fea9d5d341,i am danny. me like politics
144,Jill,mortonjames,Quebec City,regular,~Ny)W_|d7-,vincentmitchell@example.org,Female,2024-11-02 22:16:55,1973-10-07,https://plus.unsplash.com/premium_photo-1689568126014-06fea9d5d341,i am jill. me like politics
145,Sean,millermitchell,Ottawa,regular,j[=0fMF~(*,jonathan35@example.net,Male,2024-01-06 20:54:23,1964-10-19,https://plus.unsplash.com/premium_photo-1689568126014-06fea9d5d341,i am sean. me like politics
146,Michael,emmazimmerman,Vancouver,regular,1m`mtRN1`A,chadayers@example.net,Male,2025-01-02 05:55:22,1988-12-08,https://plus.unsplash.com/premium_photo-1689568126014-06fea9d5d341,i am michael. me like politics
147,Denise,john47,Hamilton,regular,"!""DB|J<'FT",kimberlyjames@example.net,Female,2024-06-28 04:52:21,1995-12-17,https://plus.unsplash.com/premium_photo-1689568126014-06fea9d5d341,i am denise. me like politics
148,Nathan,justin62,Hamilton,regular,uD#STE9OYA,sheilaross@example.com,Female,2024-02-16 12:26:18,1995-06-20,https://plus.unsplash.com/premium_photo-1689568126014-06fea9d5d341,i am nathan. me like politics
149,Janice,michael95,Ottawa,regular,nDG?9DePau,chelseabryant@example.org,Male,2024-09-02 02:27:19,1981-09-17,https://plus.unsplash.com/premium_photo-1689568126014-06fea9d5d341,i am janice. me like politics
150,Mark,hroy,Winnipeg,regular,5ve0wm=0zB,kiaraglass@example.net,Male,2024-12-16 18:55:29,1963-07-24,https://plus.unsplash.com/premium_photo-1689568126014-06fea9d5d341,i am mark. me like politics
151,Jason,atkinseric,Toronto,regular,$pXMfX)T_v,hannah21@example.com,Male,2024-06-28 08:00:06,1986-08-11,https://plus.unsplash.com/premium_photo-1689568126014-06fea9d5d341,i am jason. me like politics
152,Robert,maria68,Waterloo,regular,"(""""DU\u2}1",kevin66@example.com,Female,2024-03-16 05:19:34,1964-02-06,https://plus.unsplash.com/premium_photo-1689568126014-06fea9d5d341,i am robert. me like politics
153,Nicholas,joshuagarcia,Toronto,regular,(U>Ii)Pzd),toni46@example.org,Male,2024-11-30 09:32:05,1995-10-19,https://plus.unsplash.com/premium_photo-1689568126014-06fea9d5d341,i am nicholas. me like politics
154,Adam,jeffreyscott,Toronto,regular,rMCqManYfx,kgallagher@example.org,Male,2024-06-06 21:21:49,1980-04-18,https://plus.unsplash.com/premium_photo-1689568126014-06fea9d5d341,i am adam. me like politics
155,John,garzavictoria,Waterloo,regular,"&mH,ji4DWS",pattersonemily@example.net,Male,2024-12-25 12:51:01,1997-05-11,https://plus.unsplash.com/premium_photo-1689568126014-06fea9d5d341,i am john. me like politics
156,Janet,kemppatrick,Winnipeg,regular,{!#`=Iy#(9,singhteresa@example.net,Male,2025-02-13 22:42:22,1994-09-07,https://plus.unsplash.com/premium_photo-1689568126014-06fea9d5d341,i am janet. me like politics
157,April,anthonybrandi,Montreal,regular,hwZ~I3Dd~],sandrabyrd@example.net,Female,2024-11-03 16:55:49,1997-08-13,https://plus.unsplash.com/premium_photo-1689568126014-06fea9d5d341,i am april. me like politics
158,Michelle,rothjoseph,Toronto,regular,"MIa|\@/F,w",jason07@example.com,Male,2024-10-27 23:57:17,1968-12-09,https://plus.unsplash.com/premium_photo-1689568126014-06fea9d5d341,i am michelle. me like politics
159,Cathy,james37,Winnipeg,regular,Zt.rJ0+>8K,griffinjoshua@example.net,Male,2024-06-25 01:54:39,2000-09-09,https://plus.unsplash.com/premium_photo-1689568126014-06fea9d5d341,i am cathy. me like politics
160,Travis,jbarrera,Edmonton,regular,$_p~&ZWL=\,xreynolds@example.net,Female,2025-03-07 11:37:41,1962-06-28,https://plus.unsplash.com/premium_photo-1689568126014-06fea9d5d341,i am travis. me like politics
161,Amy,ejoseph,Winnipeg,regular,{V!Oo)|v_n,mark74@example.net,Female,2024-12-24 15:50:28,1976-12-07,https://plus.unsplash.com/premium_photo-1689568126014-06fea9d5d341,i am amy. me like politics
162,Stephanie,samanthaosborne,Toronto,regular,w6]3w?>?dD,dana87@example.com,Male,2024-01-16 18:49:45,1962-04-12,https://plus.unsplash.com/premium_photo-1689568126014-06fea9d5d341,i am stephanie. me like politics
163,Christine,tanya29,Hamilton,regular,dy6\}4jv~y,tatedonna@example.net,Male,2025-02-14 19:39:48,1989-04-10,https://plus.unsplash.com/premium_photo-1689568126014-06fea9d5d341,i am christine. me like politics
164,Marissa,brittney55,Quebec City,regular,"~6KP""K2-T""",bradley05@example.com,Female,2024-10-12 22:50:17,1988-06-08,https://plus.unsplash.com/premium_photo-1689568126014-06fea9d5d341,i am marissa. me like politics
165,David,ricky45,Toronto,regular,4Ww}>q%\[d,davidsanchez@example.net,Female,2024-01-23 15:58:01,2000-03-18,https://plus.unsplash.com/premium_photo-1689568126014-06fea9d5d341,i am david. me like politics
166,Marcus,bpeterson,Edmonton,regular,"Yf*$""[6uhF",maria52@example.net,Female,2024-08-13 03:45:24,2004-12-28,https://plus.unsplash.com/premium_photo-1689568126014-06fea9d5d341,i am marcus. me like politics
167,Gerald,joshua17,Ottawa,regular,iH0XI>r@S%,donaldthomas@example.org,Female,2024-06-29 13:16:21,1975-05-23,https://plus.unsplash.com/premium_photo-1689568126014-06fea9d5d341,i am gerald. me like politics
168,Tiffany,mitchell57,Winnipeg,regular,"})-G,gsW;\",alexlopez@example.org,Female,2024-06-23 04:34:57,1991-01-10,https://plus.unsplash.com/premium_photo-1689568126014-06fea9d5d341,i am tiffany. me like politics
169,Drew,michaelsutton,Waterloo,regular,{q![[YtVER,danathompson@example.net,Female,2024-05-05 19:10:34,1991-04-30,https://plus.unsplash.com/premium_photo-1689568126014-06fea9d5d341,i am drew. me like politics
170,Adrian,ugood,Ottawa,regular,"""Z10^9,Zpa",ewells@example.org,Male,2025-03-02 02:05:35,1962-12-08,https://plus.unsplash.com/premium_photo-1689568126014-06fea9d5d341,i am adrian. me like politics
171,Natalie,zpatterson,Vancouver,regular,R>:C&+H3]~,jenniferhampton@example.net,Male,2024-08-02 02:04:38,1995-08-27,https://plus.unsplash.com/premium_photo-1689568126014-06fea9d5d341,i am natalie. me like politics
172,Roy,paulgardner,Winnipeg,regular,|nK0)Cj+;O,katherinelewis@example.net,Female,2024-10-08 01:22:16,1985-03-11,https://plus.unsplash.com/premium_photo-1689568126014-06fea9d5d341,i am roy. me like politics
173,Samuel,alejandroluna,Winnipeg,regular,9TANh=tF8D,leslie19@example.net,Female,2024-01-22 19:25:39,1995-05-08,https://plus.unsplash.com/premium_photo-1689568126014-06fea9d5d341,i am samuel. me like politics
174,Margaret,jwyatt,Toronto,regular,lCwY.t3B+A,matthewjohnson@example.net,Female,2025-02-12 16:18:24,2000-03-09,https://plus.unsplash.com/premium_photo-1689568126014-06fea9d5d341,i am margaret. me like politics
175,Gina,austinlinda,Ottawa,regular,AqLNCOo~Rx,tammy74@example.com,Female,2024-10-20 09:01:53,2000-10-27,https://plus.unsplash.com/premium_photo-1689568126014-06fea9d5d341,i am gina. me like politics
176,Holly,marcojimenez,Quebec City,regular,IQE2#*}$hw,david71@example.net,Male,2024-01-06 17:54:45,1965-12-11,https://plus.unsplash.com/premium_photo-1689568126014-06fea9d5d341,i am holly. me like politics
177,Stephen,lholland,Winnipeg,regular,0rhEpi93&U,salinasrichard@example.net,Male,2024-12-02 11:52:53,1961-11-19,https://plus.unsplash.com/premium_photo-1689568126014-06fea9d5d341,i am stephen. me like politics
178,Kimberly,angelica17,Waterloo,regular,vyQse&LV|d,carlsonautumn@example.com,Male,2024-07-19 09:11:48,1982-09-28,https://plus.unsplash.com/premium_photo-1689568126014-06fea9d5d341,i am kimberly. me like politics
179,Nicholas,bonillakeith,Waterloo,regular,4<!31TElrE,jessica12@example.org,Female,2024-07-05 13:11:45,1973-03-30,https://plus.unsplash.com/premium_photo-1689568126014-06fea9d5d341,i am nicholas. me like politics
180,Christopher,autumnperkins,Vancouver,regular,GS#apWIZ>H,leslierowland@example.org,Female,2024-03-01 22:09:16,1960-09-15,https://plus.unsplash.com/premium_photo-1689568126014-06fea9d5d341,i am christopher. me like politics
181,Steven,brandonhall,Montreal,regular,"ZM,NN""tx;:",tabithajimenez@example.org,Female,2024-07-10 06:48:58,1972-01-16,https://plus.unsplash.com/premium_photo-1689568126014-06fea9d5d341,i am steven. me like politics
182,Joanna,jessica96,Toronto,regular,]jF--~i?w!,zgarrison@example.com,Female,2024-02-09 10:25:10,1995-03-15,https://plus.unsplash.com/premium_photo-1689568126014-06fea9d5d341,i am joanna. me like politics
183,Justin,catherine11,Winnipeg,regular,",*3t[IK9f_",carteramy@example.net,Female,2024-03-20 14:03:01,1979-06-01,https://plus.unsplash.com/premium_photo-1689568126014-06fea9d5d341,i am justin. me like politics
184,Dustin,david83,Toronto,regular,<r!okIs>Ay,angelagarcia@example.net,Female,2024-12-15 10:45:45,1970-02-16,https://plus.unsplash.com/premium_photo-1689568126014-06fea9d5d341,i am dustin. me like politics
185,Colin,lauriehunt,Winnipeg,regular,3Dc[{3W.!w,price@example.org,Female,2024-06-01 06:26:09,1986-03-15,https://plus.unsplash.com/premium_photo-1689568126014-06fea9d5d341,i am colin. me like politics
186,Monica,esparzajudith,Waterloo,regular,=}SXA<t\!@,frank49@example.com,Female,2024-01-16 15:04:08,1993-04-09,https://plus.unsplash.com/premium_photo-1689568126014-06fea9d5d341,i am monica. me like politics
187,Jamie,hughescatherine,Ottawa,regular,(uJ{U'YEvt,cwallace@example.com,Female,2024-10-12 17:57:30,1973-10-08,https://plus.unsplash.com/premium_photo-1689568126014-06fea9d5d341,i am jamie. me like politics
188,Teresa,alan29,Hamilton,regular,'srH]>+L!N,katherine77@example.net,Female,2024-10-07 13:37:21,1961-01-21,https://plus.unsplash.com/premium_photo-1689568126014-06fea9d5d341,i am teresa. me like politics
189,Anthony,eric01,Toronto,regular,Ug.h7bd.\~,john64@example.com,Female,2024-11-06 15:31:50,1970-09-25,https://plus.unsplash.com/premium_photo-1689568126014-06fea9d5d341,i am anthony. me like politics
190,Kayla,james69,Hamilton,regular,no:\f0Un~:,emccoy@example.com,Male,2024-05-05 10:28:22,1997-12-02,https://plus.unsplash.com/premium_photo-1689568126014-06fea9d5d341,i am kayla. me like politics
191,Jordan,james29,Edmonton,regular,F1tAoD#Xy!,marisa25@example.com,Female,2025-01-16 13:50:22,1998-05-22,https://plus.unsplash.com/premium_photo-1689568126014-06fea9d5d341,i am jordan. me like politics
192,Christopher,sandersjames,Vancouver,regular,z9Nau-sR;|,stephen50@example.com,Male,2024-04-07 12:10:40,1992-09-28,https://plus.unsplash.com/premium_photo-1689568126014-06fea9d5d341,i am christopher. me like politics
193,Emily,swebb,Edmonton,regular,.uc6[tF<:~,adkinssue@example.org,Male,2024-06-11 10:50:27,2005-05-12,https://plus.unsplash.com/premium_photo-1689568126014-06fea9d5d341,i am emily. me like politics
194,Jessica,williscody,Montreal,regular,>h5lC0PW0:,williamsonryan@example.net,Female,2024-11-04 00:04:24,1963-07-27,https://plus.unsplash.com/premium_photo-1689568126014-06fea9d5d341,i am jessica. me like politics
195,Kimberly,kelly07,Vancouver,regular,vW!(|8dA)V,rogercoffey@example.net,Male,2024-03-23 11:30:38,1999-12-18,https://plus.unsplash.com/premium_photo-1689568126014-06fea9d5d341,i am kimberly. me like politics
196,John,vazquezkayla,Montreal,regular,mWvM8ER!j4,zflores@example.org,Male,2024-12-05 14:29:44,1987-07-09,https://plus.unsplash.com/premium_photo-1689568126014-06fea9d5d341,i am john. me like politics
197,Melody,kelsey04,Edmonton,regular,Gr`N%`?dU1,harrisonandre@example.com,Female,2024-06-07 12:48:56,1978-06-10,https://plus.unsplash.com/premium_photo-1689568126014-06fea9d5d341,i am melody. me like politics
198,Kelli,thompsongregory,Quebec City,regular,hArz63+%_&,vryan@example.net,Female,2025-01-16 21:27:10,1974-06-25,https://plus.unsplash.com/premium_photo-1689568126014-06fea9d5d341,i am kelli. me like politics
199,Christopher,valerie25,Edmonton,regular,n\|9`rsb@m,smoreno@example.com,Female,2024-07-17 17:43:05,1980-03-27,https://plus.unsplash.com/premium_photo-1689568126014-06fea9d5d341,i am christopher. me like politics
200,Alexis,jessicashort,Winnipeg,regular,+px5}+]z8U,deckercharles@example.com,Female,2024-06-04 18:21:54,1998-03-13,https://plus.unsplash.com/premium_photo-1689568126014-06fea9d5d341,i am alexis. me like politics
201,Brooke,fosterdustin,Toronto,regular,4$b^457Lo[,allisonmitchell@example.org,Female,2024-09-13 03:40:44,1976-08-10,https://plus.unsplash.com/premium_photo-1689568126014-06fea9d5d341,i am brooke. me like politics
202,Andrew,williamcampbell,Hamilton,regular,"g3sxI{`v`""",awalsh@example.com,Female,2024-08-19 20:58:26,1979-12-27,https://plus.unsplash.com/premium_photo-1689568126014-06fea9d5d341,i am andrew. me like politics
203,Mary,andrewsmatthew,Vancouver,regular,Ze+^Tm|]x:,brian78@example.org,Female,2024-02-29 08:32:11,2000-08-26,https://plus.unsplash.com/premium_photo-1689568126014-06fea9d5d341,i am mary. me like politics
204,Craig,hughesmichael,Winnipeg,regular,:SP>WuwWuO,brownbrandon@example.org,Female,2024-11-24 14:37:11,1983-12-25,https://plus.unsplash.com/premium_photo-1689568126014-06fea9d5d341,i am craig. me like politics
205,Erica,sherylskinner,Toronto,regular,iD<nqMb3:{,jamestyler@example.org,Male,2024-11-22 00:03:57,2004-12-24,https://plus.unsplash.com/premium_photo-1689568126014-06fea9d5d341,i am erica. me like politics
206,Erin,bgrant,Edmonton,regular,>>bSAl$SdB,williamsdouglas@example.com,Male,2024-02-04 04:34:52,1964-04-25,https://plus.unsplash.com/premium_photo-1689568126014-06fea9d5d341,i am erin. me like politics
207,Samuel,utaylor,Waterloo,regular,ea+E]@sVI&,wilsonsarah@example.com,Male,2024-10-04 05:15:21,1995-12-13,https://plus.unsplash.com/premium_photo-1689568126014-06fea9d5d341,i am samuel. me like politics
208,Joshua,austingibbs,Vancouver,regular,"SBjd""3zW-7",julia28@example.net,Male,2024-08-27 06:45:28,1964-11-21,https://plus.unsplash.com/premium_photo-1689568126014-06fea9d5d341,i am joshua. me like politics
209,Sarah,scottmichael,Hamilton,regular,",qHT`E)HMQ",ocampos@example.org,Male,2024-05-09 20:11:38,1966-11-25,https://plus.unsplash.com/premium_photo-1689568126014-06fea9d5d341,i am sarah. me like politics
210,Brian,courtney51,Winnipeg,regular,"{zM0%,l8a7",mcbridesamantha@example.net,Female,2024-04-03 03:35:18,1973-08-24,https://plus.unsplash.com/premium_photo-1689568126014-06fea9d5d341,i am brian. me like politics
211,Jessica,browncynthia,Montreal,regular,DF[1?mfQvP,alexanderronald@example.com,Male,2024-05-13 21:33:05,1984-09-15,https://plus.unsplash.com/premium_photo-1689568126014-06fea9d5d341,i am jessica. me like politics
212,Jeremy,rachel10,Quebec City,regular,"JUO2%!L,wu",simpsonhannah@example.org,Female,2024-04-12 02:26:55,1987-03-03,https://plus.unsplash.com/premium_photo-1689568126014-06fea9d5d341,i am jeremy. me like politics
213,Madison,kpatrick,Winnipeg,regular,ZW80Cz_QBj,parkerchristina@example.org,Male,2024-09-15 13:16:11,1984-01-03,https://plus.unsplash.com/premium_photo-1689568126014-06fea9d5d341,i am madison. me like politics
214,Chad,kristinapierce,Vancouver,regular,Z\x)Q:Bmru,kellygraham@example.com,Female,2024-09-17 00:01:05,1961-05-12,https://plus.unsplash.com/premium_photo-1689568126014-06fea9d5d341,i am chad. me like politics
215,Elizabeth,letina,Winnipeg,regular,"*,1qe|4W%u",romankeith@example.com,Male,2024-11-18 11:58:32,1963-01-10,https://plus.unsplash.com/premium_photo-1689568126014-06fea9d5d341,i am elizabeth. me like politics
216,David,diamond24,Calgary,regular,YLt+~21j}/,cstrong@example.com,Male,2025-01-27 01:03:15,1964-05-19,https://plus.unsplash.com/premium_photo-1689568126014-06fea9d5d341,i am david. me like politics
217,Ryan,vincentosborn,Hamilton,regular,K.RQ`Nc/4+,icrosby@example.com,Male,2024-08-24 13:57:33,1995-02-01,https://plus.unsplash.com/premium_photo-1689568126014-06fea9d5d341,i am ryan. me like politics
218,Tommy,brenda42,Montreal,regular,kYe'?dn*{>,wallacewesley@example.net,Male,2024-06-22 07:20:44,2000-10-04,https://plus.unsplash.com/premium_photo-1689568126014-06fea9d5d341,i am tommy. me like politics
219,Cassandra,jeffreydunn,Montreal,regular,"#)`Tw}cGt,",nathandalton@example.org,Female,2024-05-17 13:11:05,1971-07-17,https://plus.unsplash.com/premium_photo-1689568126014-06fea9d5d341,i am cassandra. me like politics
220,Jennifer,warmstrong,Ottawa,regular,4#8(90M)X:,thomas71@example.net,Female,2025-02-14 11:55:44,1969-04-09,https://plus.unsplash.com/premium_photo-1689568126014-06fea9d5d341,i am jennifer. me like politics
221,Audrey,louisdavidson,Vancouver,regular,"YFb`,adT**",hunterkelly@example.net,Female,2024-02-03 04:49:22,1978-05-06,https://plus.unsplash.com/premium_photo-1689568126014-06fea9d5d341,i am audrey. me like politics
222,Donna,ramirezmichele,Ottawa,regular,=hw|FhuGI>,qgeorge@example.net,Female,2024-10-07 12:36:34,1975-09-23,https://plus.unsplash.com/premium_photo-1689568126014-06fea9d5d341,i am donna. me like politics
223,Fernando,bcombs,Hamilton,regular,"GXi,.=by^/",sandra17@example.com,Female,2024-07-23 17:03:02,1962-08-29,https://plus.unsplash.com/premium_photo-1689568126014-06fea9d5d341,i am fernando. me like politics
224,Patricia,margaret06,Quebec City,regular,4DRy{?wu^>,paul04@example.com,Male,2024-07-30 00:42:38,1988-11-28,https://plus.unsplash.com/premium_photo-1689568126014-06fea9d5d341,i am patricia. me like politics
225,Mariah,angela41,Quebec City,regular,R5s(A<0>p5,crawfordjay@example.com,Male,2024-01-06 04:49:20,1991-07-17,https://plus.unsplash.com/premium_photo-1689568126014-06fea9d5d341,i am mariah. me like politics
226,Shane,wwilson,Toronto,regular,J[<nT@6uW/,jermainehall@example.net,Male,2024-03-21 09:44:12,2005-04-03,https://plus.unsplash.com/premium_photo-1689568126014-06fea9d5d341,i am shane. me like politics
227,Katie,timothyross,Quebec City,regular,"m^teirVdO,",william10@example.com,Male,2024-09-02 12:49:23,1995-02-13,https://plus.unsplash.com/premium_photo-1689568126014-06fea9d5d341,i am katie. me like politics
228,Mason,edwardsvanessa,Quebec City,regular,eI;xd_&UHz,anthony19@example.net,Female,2024-03-17 20:01:23,1963-09-25,https://plus.unsplash.com/premium_photo-1689568126014-06fea9d5d341,i am mason. me like politics
229,William,russellbobby,Waterloo,regular,q4Z&lFS945,hortonjorge@example.net,Male,2024-10-27 16:08:58,1989-07-07,https://plus.unsplash.com/premium_photo-1689568126014-06fea9d5d341,i am william. me like politics
230,Angela,katherineramos,Hamilton,regular,^ENM0uVdH1,donna60@example.com,Male,2024-09-10 00:55:32,1985-04-18,https://plus.unsplash.com/premium_photo-1689568126014-06fea9d5d341,i am angela. me like politics
231,Heidi,ashley95,Winnipeg,regular,Aq('KGWLkW,kingdave@example.org,Female,2024-09-30 21:06:51,1961-05-10,https://plus.unsplash.com/premium_photo-1689568126014-06fea9d5d341,i am heidi. me like politics
232,Stephen,yowens,Waterloo,regular,S;9wmGM<ci,manntimothy@example.com,Female,2024-02-08 18:48:39,1966-05-30,https://plus.unsplash.com/premium_photo-1689568126014-06fea9d5d341,i am stephen. me like politics
233,Lisa,sydney71,Vancouver,regular,3.Mz4\+'zI,gregory23@example.com,Female,2024-05-10 09:49:35,1980-01-24,https://plus.unsplash.com/premium_photo-1689568126014-06fea9d5d341,i am lisa. me like politics
234,Sarah,juliebennett,Calgary,regular,='QP9Ph&xQ,jessica41@example.com,Female,2025-01-26 05:34:08,1987-02-27,https://plus.unsplash.com/premium_photo-1689568126014-06fea9d5d341,i am sarah. me like politics
235,Toni,angelagoodwin,Montreal,regular,"T-""MZ=W0=O",jonesjulie@example.com,Male,2025-01-31 12:24:03,1963-03-20,https://plus.unsplash.com/premium_photo-1689568126014-06fea9d5d341,i am toni. me like politics
236,Robin,dawncarrillo,Vancouver,regular,"[""-!#V[WfP",lauren14@example.org,Male,2024-06-07 09:28:28,1967-11-29,https://plus.unsplash.com/premium_photo-1689568126014-06fea9d5d341,i am robin. me like politics
237,Gary,christophervalentine,Quebec City,regular,"%agMz(,n=t",michelleperez@example.com,Female,2024-08-18 21:30:21,1991-11-01,https://plus.unsplash.com/premium_photo-1689568126014-06fea9d5d341,i am gary. me like politics
238,Katherine,charlestaylor,Calgary,regular,"f""Kg}|b>-`",davidmullen@example.org,Male,2024-09-06 18:07:09,1970-08-12,https://plus.unsplash.com/premium_photo-1689568126014-06fea9d5d341,i am katherine. me like politics
239,Thomas,jwilliams,Montreal,regular,h][Hn;h6u\,johnramos@example.com,Male,2025-03-15 00:26:20,1991-06-12,https://plus.unsplash.com/premium_photo-1689568126014-06fea9d5d341,i am thomas. me like politics
240,Adam,melody70,Waterloo,regular,Nrhy+9sz({,weberbrooke@example.net,Male,2024-06-16 02:12:05,1963-08-04,https://plus.unsplash.com/premium_photo-1689568126014-06fea9d5d341,i am adam. me like politics
241,Gary,darrell77,Hamilton,regular,`{w5>@S|VL,garyknight@example.com,Male,2024-09-15 09:46:16,1994-12-14,https://plus.unsplash.com/premium_photo-1689568126014-06fea9d5d341,i am gary. me like politics
242,Rhonda,tammy34,Ottawa,regular,"[ft`-&h7],",jessicawarren@example.com,Male,2024-01-29 19:50:07,1980-12-17,https://plus.unsplash.com/premium_photo-1689568126014-06fea9d5d341,i am rhonda. me like politics
243,Whitney,christopheredwards,Calgary,regular,YSVAxP=jMn,pamela74@example.net,Female,2024-02-17 04:23:40,1996-08-14,https://plus.unsplash.com/premium_photo-1689568126014-06fea9d5d341,i am whitney. me like politics
244,Kaitlyn,sjohnson,Vancouver,regular,"2S[,U)O(b;",lambertcheryl@example.com,Male,2024-05-09 17:37:38,1961-12-30,https://plus.unsplash.com/premium_photo-1689568126014-06fea9d5d341,i am kaitlyn. me like politics
245,Christopher,paul03,Hamilton,regular,nTnc1Zl\V^,carla32@example.com,Male,2025-01-22 19:32:02,1967-05-15,https://plus.unsplash.com/premium_photo-1689568126014-06fea9d5d341,i am christopher. me like politics
246,Darlene,ysanchez,Vancouver,regular,aKMiIgFmW|,campbellchristian@example.net,Male,2024-03-21 22:40:57,2004-08-12,https://plus.unsplash.com/premium_photo-1689568126014-06fea9d5d341,i am darlene. me like politics
247,Lori,thomas31,Quebec City,regular,AOJWr&s^6o,mooreanthony@example.org,Male,2024-06-03 03:11:04,1998-04-30,https://plus.unsplash.com/premium_photo-1689568126014-06fea9d5d341,i am lori. me like politics
248,Cathy,mmendez,Quebec City,regular,Ii#F2dQE;Q,penabrian@example.org,Female,2024-04-09 11:14:46,1980-03-29,https://plus.unsplash.com/premium_photo-1689568126014-06fea9d5d341,i am cathy. me like politics
249,David,burgessstacy,Waterloo,regular,"V(p'[l,&c,",hjuarez@example.com,Female,2024-04-30 15:32:32,1969-10-31,https://plus.unsplash.com/premium_photo-1689568126014-06fea9d5d341,i am david. me like politics
250,Beth,danielsjames,Winnipeg,regular,sT)3{Uv'Si,francisco51@example.net,Male,2024-04-27 17:04:55,1998-05-11,https://plus.unsplash.com/premium_photo-1689568126014-06fea9d5d341,i am beth. me like politics
